group,time,means,stds
non_adapter_step,0.001,2.128630242,5.176665788
non_adapter_step,0.002,1.993070858,5.22913575
non_adapter_step,0.003,1.832332016,5.29268031
non_adapter_step,0.004,1.644423464,5.368566818
non_adapter_step,0.005,1.427346489,5.457981156
non_adapter_step,0.006,1.179128224,5.561956745
non_adapter_step,0.007,0.897852787,5.681317718
non_adapter_step,0.008,0.581692746,5.816634815
non_adapter_step,0.009,0.228948624,5.968174674
non_adapter_step,0.01,-0.161921408,6.135856408
non_adapter_step,0.011,-0.592276298,6.319221708
non_adapter_step,0.012,-1.063250661,6.517403338
non_adapter_step,0.013,-1.575707633,6.729106592
non_adapter_step,0.014,-2.130203535,6.952633273
non_adapter_step,0.015,-2.726945685,7.185930545
non_adapter_step,0.016,-3.365732562,7.426635394
non_adapter_step,0.017,-4.045907446,7.672133856
non_adapter_step,0.018,-4.76634097,7.919656103
non_adapter_step,0.019,-5.525430582,8.166394603
non_adapter_step,0.02,-6.321113281,8.409610924
non_adapter_step,0.021,-7.150905591,8.646719432
non_adapter_step,0.022,-8.011963709,8.875358963
non_adapter_step,0.023,-8.901141666,9.093458638
non_adapter_step,0.024,-9.815039202,9.299283043
non_adapter_step,0.025,-10.75004727,9.491454485
non_adapter_step,0.026,-11.70240148,9.668976553
non_adapter_step,0.027,-12.66824485,9.83124598
non_adapter_step,0.028,-13.64368492,9.978030271
non_adapter_step,0.029,-14.62484635,10.10943546
non_adapter_step,0.03,-15.60791766,10.22587798
non_adapter_step,0.031,-16.58920037,10.32805164
non_adapter_step,0.032,-17.56516838,10.41687874
non_adapter_step,0.033,-18.53252416,10.49345398
non_adapter_step,0.034,-19.48825148,10.55897971
non_adapter_step,0.035,-20.42965028,10.61468823
non_adapter_step,0.036,-21.35434818,10.66178621
non_adapter_step,0.037,-22.26029782,10.70143632
non_adapter_step,0.038,-23.14577299,10.73475223
non_adapter_step,0.039,-24.00936544,10.76279091
non_adapter_step,0.04,-24.84997687,10.78654111
non_adapter_step,0.041,-25.66680664,10.80690347
non_adapter_step,0.042,-26.45932507,10.82466747
non_adapter_step,0.043,-27.22722047,10.84048382
non_adapter_step,0.044,-27.97032368,10.85485363
non_adapter_step,0.045,-28.68854279,10.8681521
non_adapter_step,0.046,-29.38181457,10.88066571
non_adapter_step,0.047,-30.05008199,10.89262539
non_adapter_step,0.048,-30.69328037,10.90421328
non_adapter_step,0.049,-31.31132919,10.91556323
non_adapter_step,0.05,-31.90413765,10.9267733
non_adapter_step,0.051,-32.47163136,10.93792354
non_adapter_step,0.052,-33.01378547,10.9490988
non_adapter_step,0.053,-33.53064461,10.9604124
non_adapter_step,0.054,-34.02232376,10.97201991
non_adapter_step,0.055,-34.48900301,10.98411731
non_adapter_step,0.056,-34.93093385,10.99693534
non_adapter_step,0.057,-35.34843827,11.01072747
non_adapter_step,0.058,-35.74190954,11.02574866
non_adapter_step,0.059,-36.11181613,11.04223104
non_adapter_step,0.06,-36.4587189,11.06035778
non_adapter_step,0.061,-36.78327227,11.08023627
non_adapter_step,0.062,-37.08621069,11.10187726
non_adapter_step,0.063,-37.3683273,11.12518971
non_adapter_step,0.064,-37.63046672,11.14999706
non_adapter_step,0.065,-37.87352188,11.17605168
non_adapter_step,0.066,-38.09844075,11.20304368
non_adapter_step,0.067,-38.30624599,11.23061536
non_adapter_step,0.068,-38.49805051,11.25838549
non_adapter_step,0.069,-38.67505633,11.28595987
non_adapter_step,0.07,-38.83853607,11.31293171
non_adapter_step,0.071,-38.98979176,11.33889694
non_adapter_step,0.072,-39.13012001,11.36348849
non_adapter_step,0.073,-39.26077688,11.38639715
non_adapter_step,0.074,-39.38294588,11.40739377
non_adapter_step,0.075,-39.49770703,11.42635109
non_adapter_step,0.076,-39.60603388,11.44325417
non_adapter_step,0.077,-39.70881514,11.45818799
non_adapter_step,0.078,-39.8068746,11.47130414
non_adapter_step,0.079,-39.90099126,11.48278637
non_adapter_step,0.08,-39.99191275,11.49282347
non_adapter_step,0.081,-40.08034862,11.5015829
non_adapter_step,0.082,-40.16694652,11.50919042
non_adapter_step,0.083,-40.25227035,11.51573901
non_adapter_step,0.084,-40.33678116,11.52129867
non_adapter_step,0.085,-40.42080942,11.52591045
non_adapter_step,0.086,-40.50454047,11.52958626
non_adapter_step,0.087,-40.58803117,11.53233509
non_adapter_step,0.088,-40.67122383,11.53417879
non_adapter_step,0.089,-40.75394581,11.53514882
non_adapter_step,0.09,-40.8359063,11.53527571
non_adapter_step,0.091,-40.91669623,11.53459509
non_adapter_step,0.092,-40.9957718,11.53316741
non_adapter_step,0.093,-41.07242381,11.53109141
non_adapter_step,0.094,-41.14576226,11.5285131
non_adapter_step,0.095,-41.21471386,11.52563414
non_adapter_step,0.096,-41.27803858,11.52270197
non_adapter_step,0.097,-41.33436314,11.51998173
non_adapter_step,0.098,-41.38223614,11.51773899
non_adapter_step,0.099,-41.42017632,11.51623053
non_adapter_step,0.1,-41.44671938,11.51570138
non_adapter_step,0.101,-41.46044668,11.51637164
non_adapter_step,0.102,-41.46002676,11.51843713
non_adapter_step,0.103,-41.44426012,11.52206858
non_adapter_step,0.104,-41.41212315,11.52738561
non_adapter_step,0.105,-41.36279773,11.53442733
non_adapter_step,0.106,-41.29570465,11.54311593
non_adapter_step,0.107,-41.21052198,11.55323288
non_adapter_step,0.108,-41.10718945,11.56440212
non_adapter_step,0.109,-40.9859132,11.57610758
non_adapter_step,0.11,-40.84716746,11.5877362
non_adapter_step,0.111,-40.69167135,11.5986246
non_adapter_step,0.112,-40.52034995,11.60809302
non_adapter_step,0.113,-40.33429933,11.61546719
non_adapter_step,0.114,-40.13476539,11.62009744
non_adapter_step,0.115,-39.92312933,11.6213774
non_adapter_step,0.116,-39.7009011,11.61875761
non_adapter_step,0.117,-39.46969371,11.61176011
non_adapter_step,0.118,-39.23116732,11.60000805
non_adapter_step,0.119,-38.98696204,11.5832624
non_adapter_step,0.12,-38.73863258,11.56144501
non_adapter_step,0.121,-38.48760053,11.5346594
non_adapter_step,0.122,-38.23510426,11.50320068
non_adapter_step,0.123,-37.98215594,11.46753737
non_adapter_step,0.124,-37.72951251,11.42826635
non_adapter_step,0.125,-37.47768031,11.38607085
non_adapter_step,0.126,-37.22693645,11.34168122
non_adapter_step,0.127,-36.97737114,11.2958479
non_adapter_step,0.128,-36.72894624,11.24933102
non_adapter_step,0.129,-36.48155741,11.20289999
non_adapter_step,0.13,-36.23509229,11.15733263
non_adapter_step,0.131,-35.98949683,11.11341422
non_adapter_step,0.132,-35.74482155,11.07191973
non_adapter_step,0.133,-35.50126886,11.03359695
non_adapter_step,0.134,-35.259239,10.99913566
non_adapter_step,0.135,-35.01936845,10.96915044
non_adapter_step,0.136,-34.78254683,10.94417751
non_adapter_step,0.137,-34.54993205,10.92470686
non_adapter_step,0.138,-34.32295195,10.91122585
non_adapter_step,0.139,-34.10329531,10.90425371
non_adapter_step,0.14,-33.89289444,10.9043642
non_adapter_step,0.141,-33.69390764,10.91219925
non_adapter_step,0.142,-33.50869104,10.92847437
non_adapter_step,0.143,-33.33975545,10.95396507
non_adapter_step,0.144,-33.18971408,10.98948752
non_adapter_step,0.145,-33.06123731,11.03588473
non_adapter_step,0.146,-32.95698983,11.09399834
non_adapter_step,0.147,-32.87956969,11.16463805
non_adapter_step,0.148,-32.83144112,11.24855399
non_adapter_step,0.149,-32.81485034,11.34639442
non_adapter_step,0.15,-32.83175782,11.4586744
non_adapter_step,0.151,-32.88379414,11.58576182
non_adapter_step,0.152,-32.97222358,11.72785334
non_adapter_step,0.153,-33.09791289,11.88494045
non_adapter_step,0.154,-33.26132089,12.05678488
non_adapter_step,0.155,-33.4625095,12.24292541
non_adapter_step,0.156,-33.70116781,12.44270242
non_adapter_step,0.157,-33.97664182,12.65530003
non_adapter_step,0.158,-34.2879679,12.87978843
non_adapter_step,0.159,-34.63391507,13.11517497
non_adapter_step,0.16,-35.01303119,13.36046028
non_adapter_step,0.161,-35.42366734,13.61468688
non_adapter_step,0.162,-35.86399913,13.87698154
non_adapter_step,0.163,-36.33205894,14.14658637
non_adapter_step,0.164,-36.82576673,14.42287238
non_adapter_step,0.165,-37.34294817,14.705331
non_adapter_step,0.166,-37.88134864,14.99356103
non_adapter_step,0.167,-38.43866146,15.28725224
non_adapter_step,0.168,-39.01257836,15.58616376
non_adapter_step,0.169,-39.60082779,15.89009289
non_adapter_step,0.17,-40.20119399,16.19884688
non_adapter_step,0.171,-40.81152019,16.51220725
non_adapter_step,0.172,-41.42971775,16.82990028
non_adapter_step,0.173,-42.0537706,17.15157659
non_adapter_step,0.174,-42.68173369,17.47680679
non_adapter_step,0.175,-43.31171451,17.80507725
non_adapter_step,0.176,-43.94184822,18.13579741
non_adapter_step,0.177,-44.57026638,18.46830824
non_adapter_step,0.178,-45.19508342,18.80188898
non_adapter_step,0.179,-45.81438202,19.1357352
non_adapter_step,0.18,-46.42619816,19.46895687
non_adapter_step,0.181,-47.02850913,19.80058896
non_adapter_step,0.182,-47.61925178,20.12960831
non_adapter_step,0.183,-48.19633723,20.45495476
non_adapter_step,0.184,-48.75765173,20.77557662
non_adapter_step,0.185,-49.30105238,21.09049172
non_adapter_step,0.186,-49.82436419,21.39883132
non_adapter_step,0.187,-50.32537935,21.69989007
non_adapter_step,0.188,-50.80185624,21.9931697
non_adapter_step,0.189,-51.25153992,22.27841633
non_adapter_step,0.19,-51.6721872,22.55563228
non_adapter_step,0.191,-52.06159424,22.82505901
non_adapter_step,0.192,-52.41761592,23.08715338
non_adapter_step,0.193,-52.73816981,23.34255626
non_adapter_step,0.194,-53.0212518,23.59207009
non_adapter_step,0.195,-53.26494643,23.836637
non_adapter_step,0.196,-53.46743754,24.07732542
non_adapter_step,0.197,-53.62702621,24.31531146
non_adapter_step,0.198,-53.74214321,24.55183893
non_adapter_step,0.199,-53.81137169,24.78818109
non_adapter_step,0.2,-53.8334802,25.02558579
non_adapter_step,0.201,-53.80748248,25.26522182
non_adapter_step,0.202,-53.73267926,25.50812194
non_adapter_step,0.203,-53.60867447,25.75512826
non_adapter_step,0.204,-53.43538629,26.00685361
non_adapter_step,0.205,-53.21304476,26.26366659
non_adapter_step,0.206,-52.94216514,26.52568001
non_adapter_step,0.207,-52.6235083,26.79273591
non_adapter_step,0.208,-52.25805901,27.06439811
non_adapter_step,0.209,-51.8470111,27.3399459
non_adapter_step,0.21,-51.39176615,27.61836698
non_adapter_step,0.211,-50.89392958,27.89836409
non_adapter_step,0.212,-48.1524504,25.03118102
non_adapter_step,0.213,-47.55615504,25.28849146
non_adapter_step,0.214,-46.92384488,25.5440912
non_adapter_step,0.215,-46.2577152,25.79565832
non_adapter_step,0.216,-45.56004761,26.04095492
non_adapter_step,0.217,-44.8331618,26.27787303
non_adapter_step,0.218,-44.07937082,26.50447937
non_adapter_step,0.219,-43.30092909,26.7190464
non_adapter_step,0.22,-42.49999529,26.9200795
non_adapter_step,0.221,-41.67859816,27.10633185
non_adapter_step,0.222,-40.83860011,27.27681772
non_adapter_step,0.223,-39.98164961,27.43082543
non_adapter_step,0.224,-39.10913718,27.56791653
non_adapter_step,0.225,-38.22217716,27.68791412
non_adapter_step,0.226,-37.32160084,27.79088039
non_adapter_step,0.227,-36.40796704,27.87708735
non_adapter_step,0.228,-35.48160097,27.94697095
non_adapter_step,0.229,-34.54264062,28.00107741
non_adapter_step,0.23,-33.59107012,28.04004349
non_adapter_step,0.231,-32.62674699,28.06458196
non_adapter_step,0.232,-30.43973008,28.40080109
non_adapter_step,0.233,-29.47634858,28.42183603
non_adapter_step,0.234,-28.50507275,28.43378339
non_adapter_step,0.235,-27.52559177,28.43727336
non_adapter_step,0.236,-26.5376656,28.43289668
non_adapter_step,0.237,-25.54114827,28.42117574
non_adapter_step,0.238,-24.53600178,28.40252902
non_adapter_step,0.239,-23.52233342,28.37721991
non_adapter_step,0.24,-22.50042223,28.34530156
non_adapter_step,0.241,-21.47072172,28.30659862
non_adapter_step,0.242,-20.40942647,28.6853186
non_adapter_step,0.243,-19.33057543,28.62886537
non_adapter_step,0.244,-18.24785753,28.56216313
non_adapter_step,0.245,-17.16252323,28.48442069
non_adapter_step,0.246,-16.07589832,28.3947457
non_adapter_step,0.247,-14.98935363,28.29217933
non_adapter_step,0.248,-13.90426778,28.17576856
non_adapter_step,0.249,-12.82198312,28.0446429
non_adapter_step,0.25,-11.74374991,27.89809143
non_adapter_step,0.251,-10.67065999,27.73561528
non_adapter_step,0.252,-9.235953167,27.89942906
non_adapter_step,0.253,-8.196927886,27.71066536
non_adapter_step,0.254,-7.165766499,27.50566876
non_adapter_step,0.255,-6.142544567,27.28495876
non_adapter_step,0.256,-5.12700323,27.04926979
non_adapter_step,0.257,-4.118555914,26.7995512
non_adapter_step,0.258,-3.116298775,26.53698566
non_adapter_step,0.259,-2.11903111,26.26301627
non_adapter_step,0.26,-1.125280074,25.97936992
non_adapter_step,0.261,-0.133336925,25.68807352
non_adapter_step,0.262,0.142443853,26.4041937
non_adapter_step,0.263,1.0724008,26.07102414
non_adapter_step,0.264,2.002935078,25.73339372
non_adapter_step,0.265,2.936609763,25.39432087
non_adapter_step,0.266,3.875895465,25.05694184
non_adapter_step,0.267,4.823100333,24.72444495
non_adapter_step,0.268,5.780334668,24.40003505
non_adapter_step,0.269,6.749477713,24.08687993
non_adapter_step,0.27,7.732125289,23.78802566
non_adapter_step,0.271,8.729524788,23.50629262
non_adapter_step,0.272,9.742523601,23.24417622
non_adapter_step,0.273,10.77151899,23.00375038
non_adapter_step,0.274,11.81641672,22.78660368
non_adapter_step,0.275,12.87661894,22.59382071
non_adapter_step,0.276,13.95103556,22.42599236
non_adapter_step,0.277,15.03809952,22.28324288
non_adapter_step,0.278,16.1357896,22.16526843
non_adapter_step,0.279,17.24169535,22.07140133
non_adapter_step,0.28,18.35309227,22.00066635
non_adapter_step,0.281,19.46701682,21.95183246
non_adapter_step,0.282,20.53996186,22.31041321
non_adapter_step,0.283,21.66792819,22.30171571
non_adapter_step,0.284,22.78928949,22.31040842
non_adapter_step,0.285,23.90085924,22.33512299
non_adapter_step,0.286,24.99959619,22.37473763
non_adapter_step,0.287,26.08265539,22.42845309
non_adapter_step,0.288,27.14743606,22.49582337
non_adapter_step,0.289,28.19165133,22.57676619
non_adapter_step,0.29,29.21340233,22.67152752
non_adapter_step,0.291,30.21121169,22.78060736
non_adapter_step,0.292,29.46886882,20.95003846
non_adapter_step,0.293,30.30358617,20.75631789
non_adapter_step,0.294,31.11651316,20.5777874
non_adapter_step,0.295,31.90813727,20.4202193
non_adapter_step,0.296,32.67924082,20.28959686
non_adapter_step,0.297,33.43084647,20.19193727
non_adapter_step,0.298,34.16417368,20.13306298
non_adapter_step,0.299,34.88059476,20.1183308
non_adapter_step,0.3,35.58157936,20.15232192
non_adapter_step,0.301,36.26862841,20.23856243
non_adapter_step,0.302,36.94318841,20.37933874
non_adapter_step,0.303,37.60658945,20.57561228
non_adapter_step,0.304,38.2599921,20.82701494
non_adapter_step,0.305,38.90435157,21.1319084
non_adapter_step,0.306,39.54038547,21.48750243
non_adapter_step,0.307,40.16855591,21.88999775
non_adapter_step,0.308,40.78905443,22.33476554
non_adapter_step,0.309,41.40179708,22.81656824
non_adapter_step,0.31,42.00643451,23.32979165
non_adapter_step,0.311,42.60237239,23.86865401
non_adapter_step,0.312,43.18879452,24.42738891
non_adapter_step,0.313,43.76469664,25.00041896
non_adapter_step,0.314,44.32889529,25.58252079
non_adapter_step,0.315,44.88004873,26.16894661
non_adapter_step,0.316,45.4167064,26.75547071
non_adapter_step,0.317,45.93738611,27.33836945
non_adapter_step,0.318,46.44066073,27.91437693
non_adapter_step,0.319,46.92522581,28.48064417
non_adapter_step,0.32,47.38997788,29.0347014
non_adapter_step,0.321,47.83407133,29.57443803
non_adapter_step,0.322,48.79305968,30.56240879
non_adapter_step,0.323,49.24475133,31.05530942
non_adapter_step,0.324,49.67639414,31.52691852
non_adapter_step,0.325,50.08841353,31.97627692
non_adapter_step,0.326,50.4815304,32.40267136
non_adapter_step,0.327,50.85674045,32.80560026
non_adapter_step,0.328,51.21528434,33.18471707
non_adapter_step,0.329,51.55859666,33.5397723
non_adapter_step,0.33,51.88824873,33.87056514
non_adapter_step,0.331,52.20588772,34.17692241
non_adapter_step,0.332,52.51316143,34.45868244
non_adapter_step,0.333,52.81166541,34.71570664
non_adapter_step,0.334,53.1028799,34.94786845
non_adapter_step,0.335,53.3881517,35.15502386
non_adapter_step,0.336,53.66867948,35.33697939
non_adapter_step,0.337,53.94549176,35.49348665
non_adapter_step,0.338,54.21943008,35.62424453
non_adapter_step,0.339,54.49114101,35.72890841
non_adapter_step,0.34,54.76106292,35.80712327
non_adapter_step,0.341,55.02940962,35.85859215
non_adapter_step,0.342,53.50845745,35.42163967
non_adapter_step,0.343,53.79128147,35.44333305
non_adapter_step,0.344,54.07210984,35.43666002
non_adapter_step,0.345,54.35049635,35.40199109
non_adapter_step,0.346,54.62589452,35.33977146
non_adapter_step,0.347,54.89771415,35.25050083
non_adapter_step,0.348,55.16537061,35.13475584
non_adapter_step,0.349,55.42832023,34.99322727
non_adapter_step,0.35,55.68610596,34.82674549
non_adapter_step,0.351,55.93839407,34.63628277
non_adapter_step,0.352,54.98411989,34.62421586
non_adapter_step,0.353,55.16317703,34.32240638
non_adapter_step,0.354,55.33779839,33.99622974
non_adapter_step,0.355,55.50881822,33.64711538
non_adapter_step,0.356,55.67737926,33.27654444
non_adapter_step,0.357,55.84490113,32.88604737
non_adapter_step,0.358,56.01302485,32.47722245
non_adapter_step,0.359,56.18354548,32.0518097
non_adapter_step,0.36,56.35834633,31.61171225
non_adapter_step,0.361,56.53937116,31.15898782
non_adapter_step,0.362,56.72860411,30.69578539
non_adapter_step,0.363,56.92806153,30.22427183
non_adapter_step,0.364,57.1397806,29.74652695
non_adapter_step,0.365,57.36579078,29.26447468
non_adapter_step,0.366,57.60806216,28.77984759
non_adapter_step,0.367,57.86843533,28.29418683
non_adapter_step,0.368,58.1485573,27.80886368
non_adapter_step,0.369,58.44979998,27.32512468
non_adapter_step,0.37,58.77319593,26.84412536
non_adapter_step,0.371,59.1194024,26.36692258
non_adapter_step,0.372,58.26573185,25.75803534
non_adapter_step,0.373,58.68133759,25.29528152
non_adapter_step,0.374,59.1193691,24.83930081
non_adapter_step,0.375,59.57878341,24.39077066
non_adapter_step,0.376,60.05818027,23.95047445
non_adapter_step,0.377,60.55580745,23.51939455
non_adapter_step,0.378,61.06958273,23.09879319
non_adapter_step,0.379,61.59712942,22.69026475
non_adapter_step,0.38,62.13585644,22.29574769
non_adapter_step,0.381,62.68304594,21.91751398
non_adapter_step,0.382,63.2359247,21.55814013
non_adapter_step,0.383,63.79173973,21.22045812
non_adapter_step,0.384,64.34782225,20.90749434
non_adapter_step,0.385,64.90160916,20.6223889
non_adapter_step,0.386,65.45064111,20.36831814
non_adapter_step,0.387,65.99256084,20.14839539
non_adapter_step,0.388,66.52513481,19.96553948
non_adapter_step,0.389,67.04629112,19.82232667
non_adapter_step,0.39,67.55416647,19.72085504
non_adapter_step,0.391,68.04715113,19.66259086
non_adapter_step,0.392,68.5239388,19.64826462
non_adapter_step,0.393,68.98353176,19.67780127
non_adapter_step,0.394,69.42519398,19.75030068
non_adapter_step,0.395,69.84839656,19.86406679
non_adapter_step,0.396,70.25277755,20.01668556
non_adapter_step,0.397,70.63812951,20.20513895
non_adapter_step,0.398,71.00435404,20.42592678
non_adapter_step,0.399,71.35142879,20.67521038
non_adapter_step,0.4,71.67934799,20.94893486
adapter_step,0.001,0.762377681,5.668802228
adapter_step,0.002,0.845660547,5.662241192
adapter_step,0.003,0.925154968,5.657047006
adapter_step,0.004,1.000165494,5.652967148
adapter_step,0.005,1.069891847,5.649788152
adapter_step,0.006,1.133408799,5.647367964
adapter_step,0.007,1.189669926,5.645653217
adapter_step,0.008,1.237506875,5.644684273
adapter_step,0.009,1.275612822,5.644591692
adapter_step,0.01,1.302531648,5.645592574
adapter_step,0.011,1.316656468,5.647989198
adapter_step,0.012,1.31622736,5.652169562
adapter_step,0.013,1.299339993,5.658612872
adapter_step,0.014,1.26396926,5.667902749
adapter_step,0.015,1.207985821,5.680732476
adapter_step,0.016,1.129165053,5.697889437
adapter_step,0.017,1.025212719,5.720231885
adapter_step,0.018,0.893807457,5.748669175
adapter_step,0.019,0.732637269,5.784139043
adapter_step,0.02,0.539409781,5.827568536
adapter_step,0.021,0.31184864,5.879829427
adapter_step,0.022,0.047717273,5.941684097
adapter_step,0.023,-0.25513123,6.013721142
adapter_step,0.024,-0.598696342,6.096301266
adapter_step,0.025,-0.984781405,6.189506709
adapter_step,0.026,-1.41494114,6.293070502
adapter_step,0.027,-1.890426125,6.40632318
adapter_step,0.028,-2.412131786,6.528209021
adapter_step,0.029,-2.980559379,6.657332968
adapter_step,0.03,-3.595780139,6.791973221
adapter_step,0.031,-4.25740503,6.930097995
adapter_step,0.032,-4.964560694,7.06941763
adapter_step,0.033,-5.71586642,7.207430191
adapter_step,0.034,-6.50941982,7.341488335
adapter_step,0.035,-7.342804626,7.468922196
adapter_step,0.036,-8.213124392,7.587183663
adapter_step,0.037,-9.117049704,7.693953718
adapter_step,0.038,-10.05086538,7.787244515
adapter_step,0.039,-11.01051493,7.865494013
adapter_step,0.04,-11.99165966,7.927622882
adapter_step,0.041,-12.98974781,7.973069662
adapter_step,0.042,-14.00008236,8.001845177
adapter_step,0.043,-15.01790112,8.014570982
adapter_step,0.044,-16.03846775,8.012457761
adapter_step,0.045,-17.05714987,7.997246943
adapter_step,0.046,-18.06948412,7.971149885
adapter_step,0.047,-19.0712404,7.936743182
adapter_step,0.048,-20.05848693,7.896809489
adapter_step,0.049,-21.02766241,7.85417163
adapter_step,0.05,-21.97564292,7.811540084
adapter_step,0.051,-22.89977098,7.771380884
adapter_step,0.052,-23.79783803,7.735825392
adapter_step,0.053,-24.66805574,7.706638255
adapter_step,0.054,-25.50902397,7.685222349
adapter_step,0.055,-26.31969342,7.672644856
adapter_step,0.056,-27.09933769,7.669669873
adapter_step,0.057,-27.84754841,7.676778871
adapter_step,0.058,-28.56421959,7.694153311
adapter_step,0.059,-29.24951823,7.7216683
adapter_step,0.06,-29.90383879,7.758920757
adapter_step,0.061,-30.52774681,7.805292738
adapter_step,0.062,-31.12191397,7.860021559
adapter_step,0.063,-31.68705422,7.922258449
adapter_step,0.064,-32.22389112,7.991112098
adapter_step,0.065,-32.73315456,8.065680009
adapter_step,0.066,-33.21560717,8.145066372
adapter_step,0.067,-33.67206991,8.228398839
adapter_step,0.068,-34.10341549,8.314854521
adapter_step,0.069,-34.5105535,8.403677916
adapter_step,0.07,-34.89442334,8.49418342
adapter_step,0.071,-35.25598335,8.585783428
adapter_step,0.072,-35.59620533,8.678031917
adapter_step,0.073,-35.91608901,8.770632638
adapter_step,0.074,-36.21669166,8.863428911
adapter_step,0.075,-36.4991406,8.956361192
adapter_step,0.076,-36.76462409,9.049381779
adapter_step,0.077,-37.01437993,9.14237133
adapter_step,0.078,-37.24970758,9.235134671
adapter_step,0.079,-37.47198932,9.327438296
adapter_step,0.08,-37.68266745,9.419051177
adapter_step,0.081,-37.88319542,9.509791308
adapter_step,0.082,-38.07499774,9.59955515
adapter_step,0.083,-38.25947044,9.688305395
adapter_step,0.084,-38.43798392,9.77603406
adapter_step,0.085,-38.61190257,9.862740878
adapter_step,0.086,-38.7826061,9.948398085
adapter_step,0.087,-38.95149813,10.03293132
adapter_step,0.088,-39.11998169,10.11623311
adapter_step,0.089,-39.2894043,10.19820392
adapter_step,0.09,-39.46099117,10.27879178
adapter_step,0.091,-39.63577523,10.35799962
adapter_step,0.092,-39.81455505,10.43587586
adapter_step,0.093,-39.99789808,10.51252205
adapter_step,0.094,-40.18619153,10.58810031
adapter_step,0.095,-40.37969804,10.66281544
adapter_step,0.096,-40.57860184,10.73689451
adapter_step,0.097,-40.78300407,10.81053672
adapter_step,0.098,-40.99290795,10.88388133
adapter_step,0.099,-41.20821178,10.9570058
adapter_step,0.1,-41.42871687,11.02993632
adapter_step,0.101,-41.65412874,11.10264879
adapter_step,0.102,-41.88403099,11.17506386
adapter_step,0.103,-42.11788254,11.24705385
adapter_step,0.104,-42.35499678,11.31841947
adapter_step,0.105,-42.59452372,11.38887208
adapter_step,0.106,-42.83543916,11.45804945
adapter_step,0.107,-43.07655013,11.52552779
adapter_step,0.108,-43.31651216,11.59086838
adapter_step,0.109,-43.55383916,11.653679
adapter_step,0.11,-43.78690467,11.71363567
adapter_step,0.111,-44.0139672,11.77050265
adapter_step,0.112,-44.2332128,11.82416435
adapter_step,0.113,-44.44280319,11.87463744
adapter_step,0.114,-44.64090931,11.92202198
adapter_step,0.115,-44.82572916,11.96643734
adapter_step,0.116,-44.99551759,12.0079787
adapter_step,0.117,-45.14863873,12.04670671
adapter_step,0.118,-45.28360758,12.08266771
adapter_step,0.119,-45.39912739,12.1159251
adapter_step,0.12,-45.49412661,12.14656025
adapter_step,0.121,-45.5677635,12.17464613
adapter_step,0.122,-45.61942942,12.20022725
adapter_step,0.123,-45.64876356,12.22330556
adapter_step,0.124,-45.65567169,12.24382926
adapter_step,0.125,-45.64032741,12.26167844
adapter_step,0.126,-45.60317161,12.27665167
adapter_step,0.127,-45.54490836,12.2884827
adapter_step,0.128,-45.46649666,12.29686747
adapter_step,0.129,-45.36913452,12.30148557
adapter_step,0.13,-45.25422872,12.30203312
adapter_step,0.131,-45.12333391,12.29822556
adapter_step,0.132,-44.97808218,12.28979499
adapter_step,0.133,-44.82012671,12.27647567
adapter_step,0.134,-44.65109931,12.258009
adapter_step,0.135,-44.47256613,12.23414329
adapter_step,0.136,-44.28597716,12.20463275
adapter_step,0.137,-44.09263349,12.16925676
adapter_step,0.138,-43.89366556,12.12785471
adapter_step,0.139,-43.69001192,12.0803422
adapter_step,0.14,-43.48241673,12.02672161
adapter_step,0.141,-43.27145946,11.96708293
adapter_step,0.142,-43.05758977,11.90159497
adapter_step,0.143,-42.84117109,11.83049927
adapter_step,0.144,-42.62251393,11.75408053
adapter_step,0.145,-42.40190682,11.67262137
adapter_step,0.146,-42.17966067,11.58636865
adapter_step,0.147,-41.95617528,11.4955345
adapter_step,0.148,-41.73200799,11.40029997
adapter_step,0.149,-41.50793151,11.30079756
adapter_step,0.15,-41.28497293,11.19708377
adapter_step,0.151,-41.06444869,11.08910537
adapter_step,0.152,-40.84797707,10.97668212
adapter_step,0.153,-40.63746586,10.85949133
adapter_step,0.154,-40.4350935,10.73708004
adapter_step,0.155,-40.24327791,10.60891905
adapter_step,0.156,-40.06464422,10.47450165
adapter_step,0.157,-39.90198319,10.33345252
adapter_step,0.158,-39.75818524,10.18560883
adapter_step,0.159,-39.63616216,10.03107654
adapter_step,0.16,-39.53875065,9.870267956
adapter_step,0.161,-39.46862319,9.703957303
adapter_step,0.162,-39.42820516,9.533355378
adapter_step,0.163,-39.41959827,9.360168084
adapter_step,0.164,-39.44452057,9.186635438
adapter_step,0.165,-39.50426776,9.01556756
adapter_step,0.166,-39.59968057,8.850352663
adapter_step,0.167,-39.73112092,8.694926632
adapter_step,0.168,-39.89843452,8.553674472
adapter_step,0.169,-40.10091574,8.431258497
adapter_step,0.17,-40.33726666,8.332382189
adapter_step,0.171,-40.60559001,8.261543786
adapter_step,0.172,-40.90341172,8.222771586
adapter_step,0.173,-41.22773602,8.219366679
adapter_step,0.174,-41.57510457,8.253677424
adapter_step,0.175,-41.94167111,8.326966357
adapter_step,0.176,-42.3232826,8.439372911
adapter_step,0.177,-42.71554203,8.589944079
adapter_step,0.178,-43.11386709,8.776719475
adapter_step,0.179,-43.51354759,8.996873243
adapter_step,0.18,-43.90981269,9.246904043
adapter_step,0.181,-44.29789596,9.52286651
adapter_step,0.182,-44.67309496,9.820607397
adapter_step,0.183,-45.0308147,10.13597292
adapter_step,0.184,-45.36660993,10.46500315
adapter_step,0.185,-45.67622194,10.80407755
adapter_step,0.186,-45.95560114,11.15000885
adapter_step,0.187,-46.20091348,11.50010346
adapter_step,0.188,-46.40853741,11.8521978
adapter_step,0.189,-46.5750505,12.20464415
adapter_step,0.19,-46.69724193,12.55628453
adapter_step,0.191,-46.77213273,12.90641115
adapter_step,0.192,-46.7969944,13.25473207
adapter_step,0.193,-46.76935441,13.60132862
adapter_step,0.194,-46.68702023,13.9465886
adapter_step,0.195,-46.54809072,14.29111089
adapter_step,0.196,-46.35096905,14.63559547
adapter_step,0.197,-46.09434357,14.9807418
adapter_step,0.198,-45.77716901,15.32717501
adapter_step,0.199,-45.39865286,15.67537635
adapter_step,0.2,-44.95825453,16.02561472
adapter_step,0.201,-44.45569804,16.37788945
adapter_step,0.202,-43.89099158,16.73189371
adapter_step,0.203,-43.26445123,17.08703209
adapter_step,0.204,-42.57672983,17.44246652
adapter_step,0.205,-41.82884454,17.79716868
adapter_step,0.206,-41.02219255,18.14995941
adapter_step,0.207,-40.15852832,18.49954393
adapter_step,0.208,-39.23993166,18.8445448
adapter_step,0.209,-38.26880797,19.18352827
adapter_step,0.21,-37.24790689,19.51501488
adapter_step,0.211,-36.18032707,19.83750602
adapter_step,0.212,-35.06951549,20.14954258
adapter_step,0.213,-33.91925452,20.44977949
adapter_step,0.214,-32.73362256,20.73706574
adapter_step,0.215,-31.51694886,21.01050693
adapter_step,0.216,-30.27375811,21.26952258
adapter_step,0.217,-29.00872258,21.51388968
adapter_step,0.218,-27.72661787,21.74374475
adapter_step,0.219,-26.43230687,21.95953519
adapter_step,0.22,-25.13074849,22.16192407
adapter_step,0.221,-23.82702417,22.35169188
adapter_step,0.222,-22.52634921,22.52965852
adapter_step,0.223,-21.2340693,22.69660702
adapter_step,0.224,-19.95563527,22.85320746
adapter_step,0.225,-18.69654506,22.99993729
adapter_step,0.226,-17.46227002,23.13703323
adapter_step,0.227,-16.2581576,23.26448116
adapter_step,0.228,-15.0893405,23.3820192
adapter_step,0.229,-13.96068084,23.48912458
adapter_step,0.23,-12.87673997,23.58501755
adapter_step,0.231,-11.8417477,23.66871266
adapter_step,0.232,-10.85954964,23.73912761
adapter_step,0.233,-9.933555031,23.79521247
adapter_step,0.234,-9.066709572,23.8360644
adapter_step,0.235,-8.261459474,23.86103426
adapter_step,0.236,-7.519692092,23.86981074
adapter_step,0.237,-6.842671281,23.86250686
adapter_step,0.238,-6.230994612,23.83973822
adapter_step,0.239,-5.684582365,23.80269135
adapter_step,0.24,-5.202684575,23.75317796
adapter_step,0.241,-4.78389554,23.69366815
adapter_step,0.242,-7.82224157,18.59521446
adapter_step,0.243,-7.545280996,18.41481348
adapter_step,0.244,-7.318912977,18.25232257
adapter_step,0.245,-7.139775207,18.11363302
adapter_step,0.246,-7.004130034,18.00472853
adapter_step,0.247,-6.907930376,17.93141027
adapter_step,0.248,-6.846906292,17.89899018
adapter_step,0.249,-6.81666297,17.91199287
adapter_step,0.25,-6.812767109,17.97389608
adapter_step,0.251,-6.830816068,18.08692842
adapter_step,0.252,-8.089970126,18.13012586
adapter_step,0.253,-8.053271606,18.27936232
adapter_step,0.254,-8.024358145,18.47069102
adapter_step,0.255,-7.999961453,18.70226105
adapter_step,0.256,-7.977055774,18.97137971
adapter_step,0.257,-7.952874303,19.27464693
adapter_step,0.258,-7.924957548,19.60810985
adapter_step,0.259,-7.891195888,19.9674106
adapter_step,0.26,-7.849837775,20.34794296
adapter_step,0.261,-7.799466486,20.74503213
adapter_step,0.262,-6.674709789,22.06193557
adapter_step,0.263,-6.572566193,22.55037314
adapter_step,0.264,-6.45952761,23.03850664
adapter_step,0.265,-6.334723618,23.52219547
adapter_step,0.266,-6.197381985,23.99774359
adapter_step,0.267,-6.046790607,24.46186038
adapter_step,0.268,-5.882266947,24.91163256
adapter_step,0.269,-5.703106854,25.34449671
adapter_step,0.27,-5.508517629,25.75822503
adapter_step,0.271,-5.297568403,26.15088887
adapter_step,0.272,-8.16914552,27.2181388
adapter_step,0.273,-7.980101636,27.55519377
adapter_step,0.274,-7.764369373,27.86927121
adapter_step,0.275,-7.520488684,28.15897352
adapter_step,0.276,-7.2468632,28.42302162
adapter_step,0.277,-6.941822368,28.66023191
adapter_step,0.278,-6.603687778,28.86951643
adapter_step,0.279,-6.230814732,29.04989322
adapter_step,0.28,-5.821612381,29.20051038
adapter_step,0.281,-5.374572511,29.32066417
adapter_step,0.282,-8.046129639,28.32224983
adapter_step,0.283,-7.579313733,28.29218362
adapter_step,0.284,-7.068992918,28.22779789
adapter_step,0.285,-6.514567013,28.12854022
adapter_step,0.286,-5.915567189,27.99428536
adapter_step,0.287,-5.271731357,27.82546014
adapter_step,0.288,-4.583090544,27.62317585
adapter_step,0.289,-3.850033462,27.38935101
adapter_step,0.29,-3.073340913,27.12679653
adapter_step,0.291,-2.254194816,26.83927024
adapter_step,0.292,-1.394172172,26.53150531
adapter_step,0.293,-0.495218923,26.2091836
adapter_step,0.294,0.440402647,25.8788288
adapter_step,0.295,1.410154363,25.54764026
adapter_step,0.296,2.411229551,25.22329536
adapter_step,0.297,3.440552036,24.91374325
adapter_step,0.298,4.494802833,24.62695833
adapter_step,0.299,5.570499619,24.3706289
adapter_step,0.3,6.66409108,24.1517988
adapter_step,0.301,7.772066521,23.97650673
adapter_step,0.302,6.942164877,23.99040965
adapter_step,0.303,8.080023598,23.91941455
adapter_step,0.304,9.230339235,23.91406431
adapter_step,0.305,10.39035601,23.97362963
adapter_step,0.306,11.55748504,24.09531208
adapter_step,0.307,12.72929315,24.27451208
adapter_step,0.308,13.90348072,24.50519918
adapter_step,0.309,15.07788947,24.78030132
adapter_step,0.31,16.25053667,25.09210854
adapter_step,0.311,17.41965737,25.43264518
adapter_step,0.312,15.25083224,24.56591751
adapter_step,0.313,16.43005382,25.03656795
adapter_step,0.314,17.60857065,25.52096368
adapter_step,0.315,18.78556337,26.01002124
adapter_step,0.316,19.96040316,26.49548782
adapter_step,0.317,21.13259177,26.97003849
adapter_step,0.318,22.30173001,27.42729314
adapter_step,0.319,23.46752739,27.86175071
adapter_step,0.32,24.62982273,28.26871057
adapter_step,0.321,25.78856363,28.64424471
adapter_step,0.322,23.88054466,31.27757769
adapter_step,0.323,25.14408231,31.70057155
adapter_step,0.324,26.41151011,32.07891099
adapter_step,0.325,27.6829778,32.41122965
adapter_step,0.326,28.95819294,32.69669864
adapter_step,0.327,30.2363953,32.93505289
adapter_step,0.328,31.51634061,33.12659786
adapter_step,0.329,32.7963137,33.27217789
adapter_step,0.33,34.07418007,33.37308217
adapter_step,0.331,35.34748125,33.43096576
adapter_step,0.332,36.61351062,33.44773728
adapter_step,0.333,37.86937782,33.42544497
adapter_step,0.334,39.11206625,33.36616457
adapter_step,0.335,40.33848433,33.27194287
adapter_step,0.336,41.54550811,33.14473334
adapter_step,0.337,42.73005408,32.98630297
adapter_step,0.338,43.8891913,32.79815131
adapter_step,0.339,45.02023941,32.58141325
adapter_step,0.34,46.12085319,32.33682857
adapter_step,0.341,47.18907088,32.06473804
adapter_step,0.342,48.22332656,31.76510345
adapter_step,0.343,49.22249332,31.43757389
adapter_step,0.344,50.18592751,31.08157765
adapter_step,0.345,51.11352727,30.69644159
adapter_step,0.346,52.0057486,30.28150696
adapter_step,0.347,52.86363147,29.8362039
adapter_step,0.348,53.68880549,29.36010518
adapter_step,0.349,54.48343813,28.85293282
adapter_step,0.35,55.25015331,28.31458485
adapter_step,0.351,55.99192251,27.74515867
adapter_step,0.352,57.82107493,29.12344466
adapter_step,0.353,58.51404847,28.44089737
adapter_step,0.354,59.18774789,27.72768513
adapter_step,0.355,59.84506614,26.98503922
adapter_step,0.356,60.4886163,26.21452037
adapter_step,0.357,61.12065719,25.41805131
adapter_step,0.358,61.74304326,24.59796974
adapter_step,0.359,62.3571835,23.75706929
adapter_step,0.36,62.96402812,22.89865308
adapter_step,0.361,63.564038,22.02657477
adapter_step,0.362,64.15716961,21.14530164
adapter_step,0.363,64.74287517,20.25996652
adapter_step,0.364,65.32011584,19.37640743
adapter_step,0.365,65.88738775,18.501179
adapter_step,0.366,66.44279167,17.64149078
adapter_step,0.367,66.98411431,16.80508973
adapter_step,0.368,67.50890541,16.00008243
adapter_step,0.369,68.01454421,15.23474203
adapter_step,0.37,68.49830409,14.51727821
adapter_step,0.371,68.9574431,13.85562512
adapter_step,0.372,69.38927255,13.25715575
adapter_step,0.373,69.79123579,12.7284181
adapter_step,0.374,70.16095516,12.27486755
adapter_step,0.375,70.49626146,11.90062918
adapter_step,0.376,70.79523849,11.6082868
adapter_step,0.377,71.05630847,11.39872285
adapter_step,0.378,71.27830751,11.27103271
adapter_step,0.379,71.46053246,11.22261321
adapter_step,0.38,71.60278961,11.24935887
adapter_step,0.381,71.70539842,11.34592012
adapter_step,0.382,71.76914079,11.50602885
adapter_step,0.383,71.79517964,11.72288522
adapter_step,0.384,71.78497464,11.98950796
adapter_step,0.385,71.74020413,12.29898695
adapter_step,0.386,71.66272395,12.64458959
adapter_step,0.387,71.5545029,13.01985798
adapter_step,0.388,71.41755009,13.4186842
adapter_step,0.389,71.25382832,13.83537841
adapter_step,0.39,71.06515775,14.264764
adapter_step,0.391,70.85315323,14.70221693
adapter_step,0.392,70.61917918,15.14367999
adapter_step,0.393,70.36429364,15.58567304
adapter_step,0.394,70.08923858,16.0252697
adapter_step,0.395,69.79445212,16.46005117
adapter_step,0.396,69.48010949,16.88798964
adapter_step,0.397,69.14615059,17.30735985
adapter_step,0.398,68.79231194,17.71671002
adapter_step,0.399,68.41816248,18.11487553
adapter_step,0.4,68.02320344,18.5009214
adapter_non_step,0.001,2.003370735,7.956929603
adapter_non_step,0.002,2.006379616,7.944396885
adapter_non_step,0.003,2.010548934,7.930417347
adapter_non_step,0.004,2.015470654,7.914921026
adapter_non_step,0.005,2.020721892,7.897884781
adapter_non_step,0.006,2.025874764,7.879349457
adapter_non_step,0.007,2.030505675,7.859435863
adapter_non_step,0.008,2.034182584,7.838324094
adapter_non_step,0.009,2.036432755,7.816211037
adapter_non_step,0.01,2.036710268,7.79327236
adapter_non_step,0.011,2.034389281,7.769654539
adapter_non_step,0.012,2.028781122,7.745481354
adapter_non_step,0.013,2.01914261,7.720844812
adapter_non_step,0.014,2.004658145,7.695776773
adapter_non_step,0.015,1.984424031,7.670222463
adapter_non_step,0.016,1.957445246,7.644033404
adapter_non_step,0.017,1.922643834,7.616986636
adapter_non_step,0.018,1.878855026,7.58881026
adapter_non_step,0.019,1.824794424,7.559182046
adapter_non_step,0.02,1.759024483,7.527727529
adapter_non_step,0.021,1.679952759,7.4940329
adapter_non_step,0.022,1.585854566,7.457673496
adapter_non_step,0.023,1.47488364,7.41823408
adapter_non_step,0.024,1.345064867,7.375327807
adapter_non_step,0.025,1.194284707,7.3286138
adapter_non_step,0.026,1.02029531,7.277809578
adapter_non_step,0.027,0.820738584,7.222699229
adapter_non_step,0.028,0.59316951,7.16314035
adapter_non_step,0.029,0.335065687,7.099063069
adapter_non_step,0.03,0.043841815,7.030468701
adapter_non_step,0.031,-0.283115447,6.957431394
adapter_non_step,0.032,-0.648381129,6.88011599
adapter_non_step,0.033,-1.05441418,6.798799937
adapter_non_step,0.034,-1.503492506,6.713860728
adapter_non_step,0.035,-1.99767528,6.625732537
adapter_non_step,0.036,-2.538775143,6.534866174
adapter_non_step,0.037,-3.128297124,6.441706732
adapter_non_step,0.038,-3.767344665,6.34669793
adapter_non_step,0.039,-4.456516515,6.250314612
adapter_non_step,0.04,-5.195813173,6.153083872
adapter_non_step,0.041,-5.9845613,6.055560487
adapter_non_step,0.042,-6.821383005,5.958301288
adapter_non_step,0.043,-7.704207867,5.861871378
adapter_non_step,0.044,-8.630293834,5.766840799
adapter_non_step,0.045,-9.596235096,5.673784238
adapter_non_step,0.046,-10.59796901,5.583320913
adapter_non_step,0.047,-11.63081773,5.496140749
adapter_non_step,0.048,-12.68956374,5.413006023
adapter_non_step,0.049,-13.76854609,5.33479248
adapter_non_step,0.05,-14.86176771,5.262541622
adapter_non_step,0.051,-15.96303862,5.19743962
adapter_non_step,0.052,-17.06615293,5.140739514
adapter_non_step,0.053,-18.16505277,5.093673887
adapter_non_step,0.054,-19.25397024,5.057367881
adapter_non_step,0.055,-20.32755861,5.032804166
adapter_non_step,0.056,-21.38099403,5.020823048
adapter_non_step,0.057,-22.41004493,5.022100315
adapter_non_step,0.058,-23.41112173,5.037122673
adapter_non_step,0.059,-24.38130217,5.066204615
adapter_non_step,0.06,-25.3183229,5.109519969
adapter_non_step,0.061,-26.22051153,5.16712404
adapter_non_step,0.062,-27.08669901,5.238991344
adapter_non_step,0.063,-27.91616197,5.325047827
adapter_non_step,0.064,-28.70856347,5.425188818
adapter_non_step,0.065,-29.46387691,5.53927649
adapter_non_step,0.066,-30.18231521,5.667071888
adapter_non_step,0.067,-30.86429572,5.808174451
adapter_non_step,0.068,-31.51040316,5.962017289
adapter_non_step,0.069,-32.12135324,6.127886375
adapter_non_step,0.07,-32.6979722,6.304949247
adapter_non_step,0.071,-33.24119954,6.492300698
adapter_non_step,0.072,-33.752075,6.688997485
adapter_non_step,0.073,-34.23174357,6.894049719
adapter_non_step,0.074,-34.6814559,7.106394723
adapter_non_step,0.075,-35.10253191,7.324870401
adapter_non_step,0.076,-35.49630032,7.548204285
adapter_non_step,0.077,-35.86404514,7.77504157
adapter_non_step,0.078,-36.20696335,8.003990919
adapter_non_step,0.079,-36.52612333,8.233657328
adapter_non_step,0.08,-36.82244186,8.462698407
adapter_non_step,0.081,-37.09667559,8.689854293
adapter_non_step,0.082,-37.3494441,8.913905434
adapter_non_step,0.083,-37.58128252,9.133612437
adapter_non_step,0.084,-37.79271364,9.34770205
adapter_non_step,0.085,-37.98433867,9.554898687
adapter_non_step,0.086,-38.15693512,9.75398733
adapter_non_step,0.087,-38.31152267,9.94393572
adapter_non_step,0.088,-38.44937592,10.12400868
adapter_non_step,0.089,-38.57199812,10.29384798
adapter_non_step,0.09,-38.68106546,10.45349111
adapter_non_step,0.091,-38.7783761,10.60333543
adapter_non_step,0.092,-38.86582355,10.74404106
adapter_non_step,0.093,-38.94535475,10.87644053
adapter_non_step,0.094,-39.01888103,11.00142344
adapter_non_step,0.095,-39.08821707,11.11982797
adapter_non_step,0.096,-39.15505247,11.23238345
adapter_non_step,0.097,-39.22090263,11.33971869
adapter_non_step,0.098,-39.28709269,11.44237938
adapter_non_step,0.099,-39.35477448,11.54079624
adapter_non_step,0.1,-39.42494307,11.63523691
adapter_non_step,0.101,-39.49849224,11.72577446
adapter_non_step,0.102,-39.57632494,11.81230927
adapter_non_step,0.103,-39.65943756,11.89462719
adapter_non_step,0.104,-39.74893179,11.97244444
adapter_non_step,0.105,-39.84598637,12.04545306
adapter_non_step,0.106,-39.95178795,12.11334642
adapter_non_step,0.107,-40.06744738,12.17585582
adapter_non_step,0.108,-40.19392471,12.23278153
adapter_non_step,0.109,-40.33196783,12.28396387
adapter_non_step,0.11,-40.48204603,12.32921332
adapter_non_step,0.111,-40.64429426,12.36826236
adapter_non_step,0.112,-40.81850309,12.40076538
adapter_non_step,0.113,-41.00408239,12.42630517
adapter_non_step,0.114,-41.20003929,12.44442604
adapter_non_step,0.115,-41.40497808,12.45468448
adapter_non_step,0.116,-41.61711121,12.45669847
adapter_non_step,0.117,-41.83427334,12.45017687
adapter_non_step,0.118,-42.05395927,12.43494471
adapter_non_step,0.119,-42.2734066,12.41097654
adapter_non_step,0.12,-42.48971262,12.37841795
adapter_non_step,0.121,-42.69994116,12.33758382
adapter_non_step,0.122,-42.90120687,12.28893897
adapter_non_step,0.123,-43.09073477,12.23304828
adapter_non_step,0.124,-43.26589546,12.17054361
adapter_non_step,0.125,-43.42422419,12.10210271
adapter_non_step,0.126,-43.56344328,12.02842958
adapter_non_step,0.127,-43.68151321,11.950256
adapter_non_step,0.128,-43.77668772,11.86837419
adapter_non_step,0.129,-43.847614,11.78371518
adapter_non_step,0.13,-43.89342327,11.69742555
adapter_non_step,0.131,-43.91380262,11.61092738
adapter_non_step,0.132,-43.90901985,11.52593216
adapter_non_step,0.133,-43.87993145,11.44443814
adapter_non_step,0.134,-43.8279192,11.36868538
adapter_non_step,0.135,-43.75483589,11.30108164
adapter_non_step,0.136,-43.6629632,11.24410218
adapter_non_step,0.137,-43.55495062,11.2001869
adapter_non_step,0.138,-43.43372154,11.17162978
adapter_non_step,0.139,-43.30239878,11.16048389
adapter_non_step,0.14,-43.16421928,11.16847649
adapter_non_step,0.141,-43.02240171,11.19693291
adapter_non_step,0.142,-42.88000631,11.24669905
adapter_non_step,0.143,-42.73979616,11.3180706
adapter_non_step,0.144,-42.60409441,11.41073645
adapter_non_step,0.145,-42.47469187,11.52376854
adapter_non_step,0.146,-42.35282717,11.65564352
adapter_non_step,0.147,-42.23919487,11.80430582
adapter_non_step,0.148,-42.13397007,11.96728435
adapter_non_step,0.149,-42.03686657,12.14181662
adapter_non_step,0.15,-41.94722486,12.32497378
adapter_non_step,0.151,-41.86411309,12.51375442
adapter_non_step,0.152,-41.78642955,12.70515991
adapter_non_step,0.153,-41.71300707,12.89623123
adapter_non_step,0.154,-41.64273496,13.08406977
adapter_non_step,0.155,-41.57470317,13.26588175
adapter_non_step,0.156,-41.50832715,13.43902678
adapter_non_step,0.157,-41.44344907,13.60109404
adapter_non_step,0.158,-41.38042326,13.7499521
adapter_non_step,0.159,-41.32017164,13.88378417
adapter_non_step,0.16,-41.26422548,14.00109267
adapter_non_step,0.161,-41.21474171,14.1006903
adapter_non_step,0.162,-41.17447314,14.18171161
adapter_non_step,0.163,-41.14668798,14.24362065
adapter_non_step,0.164,-41.13508964,14.28624699
adapter_non_step,0.165,-41.143747,14.30981841
adapter_non_step,0.166,-41.17701926,14.31499317
adapter_non_step,0.167,-41.23946223,14.30286761
adapter_non_step,0.168,-41.33571534,14.27497901
adapter_non_step,0.169,-41.47036247,14.23327976
adapter_non_step,0.17,-41.647789,14.18011671
adapter_non_step,0.171,-41.87203913,14.1181917
adapter_non_step,0.172,-42.1466929,14.05053986
adapter_non_step,0.173,-42.47472882,13.98049867
adapter_non_step,0.174,-42.85841427,13.9116915
adapter_non_step,0.175,-43.29922581,13.84798852
adapter_non_step,0.176,-43.79781394,13.79343503
adapter_non_step,0.177,-44.35398607,13.7521624
adapter_non_step,0.178,-44.96669602,13.72827301
adapter_non_step,0.179,-45.6340621,13.72571894
adapter_non_step,0.18,-46.35340939,13.74815373
adapter_non_step,0.181,-47.12132616,13.79881036
adapter_non_step,0.182,-47.93370342,13.88037676
adapter_non_step,0.183,-48.78579512,13.99491646
adapter_non_step,0.184,-49.67229042,14.14382998
adapter_non_step,0.185,-50.58741798,14.32785901
adapter_non_step,0.186,-51.52507458,14.54709918
adapter_non_step,0.187,-52.47894516,14.80100964
adapter_non_step,0.188,-53.44262037,15.08842177
adapter_non_step,0.189,-54.40972385,15.40756617
adapter_non_step,0.19,-55.37402706,15.75613751
adapter_non_step,0.191,-56.32952795,16.13137307
adapter_non_step,0.192,-57.27050877,16.53014459
adapter_non_step,0.193,-58.19158592,16.94908377
adapter_non_step,0.194,-59.0877223,17.38470855
adapter_non_step,0.195,-59.9542182,17.83353496
adapter_non_step,0.196,-60.78668528,18.29214125
adapter_non_step,0.197,-61.58104391,18.75718813
adapter_non_step,0.198,-62.33349934,19.22542078
adapter_non_step,0.199,-63.04055891,19.69369808
adapter_non_step,0.2,-63.69902143,20.15901733
adapter_non_step,0.201,-64.3059638,20.61853701
adapter_non_step,0.202,-64.85869541,21.06958871
adapter_non_step,0.203,-65.35475368,21.50971693
adapter_non_step,0.204,-65.79191837,21.93669748
adapter_non_step,0.205,-66.16826,22.34855882
adapter_non_step,0.206,-66.48218002,22.74357173
adapter_non_step,0.207,-66.732444,23.12022259
adapter_non_step,0.208,-66.91821728,23.47718476
adapter_non_step,0.209,-67.0390914,23.81332388
adapter_non_step,0.21,-67.09509363,24.12772262
adapter_non_step,0.211,-67.08665676,24.41972126
adapter_non_step,0.212,-67.01459465,24.68898609
adapter_non_step,0.213,-66.88004713,24.93557582
adapter_non_step,0.214,-66.68443298,25.15997754
adapter_non_step,0.215,-66.4294096,25.36310449
adapter_non_step,0.216,-66.11683035,25.54626364
adapter_non_step,0.217,-65.74870558,25.71110231
adapter_non_step,0.218,-65.32717171,25.85954345
adapter_non_step,0.219,-64.85449533,25.9937219
adapter_non_step,0.22,-64.33308148,26.11595677
adapter_non_step,0.221,-63.76546235,26.22872337
adapter_non_step,0.222,-63.1542891,26.33463361
adapter_non_step,0.223,-62.50231118,26.43640901
adapter_non_step,0.224,-61.81234384,26.53687688
adapter_non_step,0.225,-61.08722057,26.63893174
adapter_non_step,0.226,-60.3297287,26.74544806
adapter_non_step,0.227,-59.54255538,26.8591399
adapter_non_step,0.228,-58.72824783,26.98237177
adapter_non_step,0.229,-57.88916802,27.11692939
adapter_non_step,0.23,-57.02748652,27.26387208
adapter_non_step,0.231,-56.14517903,27.4234406
adapter_non_step,0.232,-55.24405241,27.59504414
adapter_non_step,0.233,-54.32578564,27.77729294
adapter_non_step,0.234,-53.39197984,27.96805119
adapter_non_step,0.235,-52.44419227,28.16449518
adapter_non_step,0.236,-51.48395748,28.36316963
adapter_non_step,0.237,-50.51280792,28.5600843
adapter_non_step,0.238,-49.5323014,28.75082862
adapter_non_step,0.239,-48.54402453,28.93071837
adapter_non_step,0.24,-47.54956227,29.09493182
adapter_non_step,0.241,-46.55046903,29.23863657
adapter_non_step,0.242,-45.54824803,29.35712316
adapter_non_step,0.243,-44.54434532,29.44592185
adapter_non_step,0.244,-43.54015548,29.50091667
adapter_non_step,0.245,-42.53701259,29.51845627
adapter_non_step,0.246,-41.53616756,29.49545195
adapter_non_step,0.247,-40.53878327,29.42949761
adapter_non_step,0.248,-39.54592684,29.31896165
adapter_non_step,0.249,-38.55855224,29.16302028
adapter_non_step,0.25,-37.57748064,28.96164157
adapter_non_step,0.251,-36.60339035,28.71556621
adapter_non_step,0.252,-35.63683274,28.42628606
adapter_non_step,0.253,-34.67825453,28.09598717
adapter_non_step,0.254,-33.72799318,27.72740938
adapter_non_step,0.255,-32.78625606,27.32370581
adapter_non_step,0.256,-31.85310736,26.88830561
adapter_non_step,0.257,-30.92850049,26.42482848
adapter_non_step,0.258,-30.01233401,25.93700659
adapter_non_step,0.259,-29.10450232,25.42860375
adapter_non_step,0.26,-28.204933,24.90330999
adapter_non_step,0.261,-27.31360035,24.36459892
adapter_non_step,0.262,-26.43051672,23.81556611
adapter_non_step,0.263,-25.55572097,23.25879435
adapter_non_step,0.264,-24.68926401,22.69630249
adapter_non_step,0.265,-23.83119106,22.12952813
adapter_non_step,0.266,-22.98153195,21.55933991
adapter_non_step,0.267,-22.14030575,20.98609027
adapter_non_step,0.268,-21.30751537,20.40971897
adapter_non_step,0.269,-20.48313707,19.82991446
adapter_non_step,0.27,-19.6670993,19.24630274
adapter_non_step,0.271,-18.85923927,18.6586207
adapter_non_step,0.272,-18.05925981,18.0668608
adapter_non_step,0.273,-17.26667989,17.47137768
adapter_non_step,0.274,-16.48080797,16.87301527
adapter_non_step,0.275,-15.70076362,16.27330404
adapter_non_step,0.276,-14.92554571,15.67472501
adapter_non_step,0.277,-14.15409348,15.08098797
adapter_non_step,0.278,-13.38533858,14.49729273
adapter_non_step,0.279,-12.61821425,13.93051604
adapter_non_step,0.28,-11.85164149,13.38930199
adapter_non_step,0.281,-11.08450532,12.8839945
adapter_non_step,0.282,-10.31563049,12.42633866
adapter_non_step,0.283,-9.543770623,12.0288998
adapter_non_step,0.284,-8.76762886,11.70419379
adapter_non_step,0.285,-7.985918902,11.4635667
adapter_non_step,0.286,-7.19746139,11.31594491
adapter_non_step,0.287,-6.401273057,11.26667406
adapter_non_step,0.288,-5.596609221,11.31668379
adapter_non_step,0.289,-4.782964757,11.46220385
adapter_non_step,0.29,-3.960070938,11.69514918
adapter_non_step,0.291,-3.127924562,12.00408166
adapter_non_step,0.292,-2.286828458,12.37546597
adapter_non_step,0.293,-1.437421286,12.79491987
adapter_non_step,0.294,-0.580687189,13.24827958
adapter_non_step,0.295,0.282043374,13.72240884
adapter_non_step,0.296,1.149101996,14.20574841
adapter_non_step,0.297,2.018500662,14.6886354
adapter_non_step,0.298,2.887983608,15.16344584
adapter_non_step,0.299,3.75511663,15.62457655
adapter_non_step,0.3,4.617394304,16.06832933
adapter_non_step,0.301,5.472328448,16.49273518
adapter_non_step,0.302,6.317523885,16.89734
adapter_non_step,0.303,7.150730884,17.28296127
adapter_non_step,0.304,7.969867718,17.65145966
adapter_non_step,0.305,8.773006392,18.00552308
adapter_non_step,0.306,9.55835875,18.34845938
adapter_non_step,0.307,10.3242756,18.6839837
adapter_non_step,0.308,11.0692511,19.01598934
adapter_non_step,0.309,11.79191663,19.34829934
adapter_non_step,0.31,12.49105325,19.68444986
adapter_non_step,0.311,13.16561551,20.02748565
adapter_non_step,0.312,13.81474535,20.37979644
adapter_non_step,0.313,14.43776702,20.74299486
adapter_non_step,0.314,15.03418624,21.11786389
adapter_non_step,0.315,15.60367897,21.50434015
adapter_non_step,0.316,16.14608171,21.90153166
adapter_non_step,0.317,16.6614095,22.30776557
adapter_non_step,0.318,17.14989958,22.72064896
adapter_non_step,0.319,17.61205136,23.13715314
adapter_non_step,0.32,18.04860477,23.55370083
adapter_non_step,0.321,18.46047413,23.96627435
adapter_non_step,0.322,18.84867366,24.37053598
adapter_non_step,0.323,19.21426116,24.76195789
adapter_non_step,0.324,19.55830289,25.13597444
adapter_non_step,0.325,19.88185158,25.48814841
adapter_non_step,0.326,20.18593912,25.81435965
adapter_non_step,0.327,20.47159953,26.11095943
adapter_non_step,0.328,20.73992007,26.37490077
adapter_non_step,0.329,20.99210968,26.60383936
adapter_non_step,0.33,21.22955585,26.79621376
adapter_non_step,0.331,21.45384834,26.95129131
adapter_non_step,0.332,21.66676445,27.0691806
adapter_non_step,0.333,21.87023188,27.15079331
adapter_non_step,0.334,22.06627666,27.1977957
adapter_non_step,0.335,22.25698161,27.21253317
adapter_non_step,0.336,22.44447823,27.19795026
adapter_non_step,0.337,22.63096328,27.15748728
adapter_non_step,0.338,22.81870555,27.09496326
adapter_non_step,0.339,23.01001311,27.01444587
adapter_non_step,0.34,23.20716467,26.92010541
adapter_non_step,0.341,23.41233774,26.81609189
adapter_non_step,0.342,23.62756199,26.70643682
adapter_non_step,0.343,23.85467788,26.59494416
adapter_non_step,0.344,24.09529452,26.48508642
adapter_non_step,0.345,24.35080787,26.37989315
adapter_non_step,0.346,24.62247601,26.28185434
adapter_non_step,0.347,24.9115397,26.19286962
adapter_non_step,0.348,25.21927664,26.11424581
adapter_non_step,0.349,25.54698489,26.04669959
adapter_non_step,0.35,25.89590826,25.99037493
adapter_non_step,0.351,26.26714003,25.94487187
adapter_non_step,0.352,26.66156063,25.90931582
adapter_non_step,0.353,27.07981002,25.88242895
adapter_non_step,0.354,27.52227724,25.86260816
adapter_non_step,0.355,27.98913121,25.84798587
adapter_non_step,0.356,28.48038328,25.83652224
adapter_non_step,0.357,28.99595306,25.82608892
adapter_non_step,0.358,29.53567965,25.81453553
adapter_non_step,0.359,30.09927049,25.79973099
adapter_non_step,0.36,30.68623543,25.77964112
adapter_non_step,0.361,31.29583941,25.75238519
adapter_non_step,0.362,31.92707012,25.71627217
adapter_non_step,0.363,32.57863929,25.66979847
adapter_non_step,0.364,33.24901066,25.61166894
adapter_non_step,0.365,33.9364754,25.54082323
adapter_non_step,0.366,34.63921685,25.45647362
adapter_non_step,0.367,35.3553298,25.35815117
adapter_non_step,0.368,36.08280125,25.24575544
adapter_non_step,0.369,36.81948804,25.11957419
adapter_non_step,0.37,37.56311386,24.98031199
adapter_non_step,0.371,38.31131248,24.82907525
adapter_non_step,0.372,39.06169983,24.66734858
adapter_non_step,0.373,39.81192572,24.49693408
adapter_non_step,0.374,40.55972494,24.31990644
adapter_non_step,0.375,41.30294977,24.13855685
adapter_non_step,0.376,42.03960366,23.95535479
adapter_non_step,0.377,42.76786421,23.77289433
adapter_non_step,0.378,43.48607855,23.59380746
adapter_non_step,0.379,44.19272121,23.42063362
adapter_non_step,0.38,44.88635017,23.25569111
adapter_non_step,0.381,45.56561806,23.10098446
adapter_non_step,0.382,46.22931659,22.95812331
adapter_non_step,0.383,46.87641708,22.82830023
adapter_non_step,0.384,47.50608811,22.71232289
adapter_non_step,0.385,48.11769785,22.61065692
adapter_non_step,0.386,48.71082631,22.52345392
adapter_non_step,0.387,49.2852598,22.4505643
adapter_non_step,0.388,49.84098129,22.39156854
adapter_non_step,0.389,50.37811527,22.34579503
adapter_non_step,0.39,50.89685094,22.31234005
adapter_non_step,0.391,51.39735839,22.29009622
adapter_non_step,0.392,51.87972226,22.27782042
adapter_non_step,0.393,52.34390643,22.27422735
adapter_non_step,0.394,52.78974576,22.27807301
adapter_non_step,0.395,53.2169657,22.28820672
adapter_non_step,0.396,53.62517872,22.3035814
adapter_non_step,0.397,54.01386669,22.32323303
adapter_non_step,0.398,54.38233542,22.34623957
adapter_non_step,0.399,54.72968304,22.37167451
adapter_non_step,0.4,55.05477746,22.39855764
